,City,Lat,Lng,Max Temp,Humidity,Cloudiness,Wind Speed,Country,Date
0,Qaanaaq,77.484,-69.3632,26.47,57,100,3.11,GL,2022-05-15 17:31:24
1,Rikitea,-23.1203,-134.9692,77.23,74,100,17.56,PF,2022-05-15 17:31:24
2,Hermanus,-34.4187,19.2345,61.81,72,0,9.84,ZA,2022-05-15 17:31:25
3,Narasimharajapura,13.6167,75.5167,71.17,95,100,6.06,IN,2022-05-15 17:31:25
4,Dikson,73.5069,80.5464,31.6,99,100,8.72,RU,2022-05-15 17:31:26
5,Novoagansk,61.9449,76.6625,53.71,64,90,5.97,RU,2022-05-15 17:31:26
6,Huangnihe,43.5583,128.0239,44.82,85,91,1.92,CN,2022-05-15 17:31:27
7,Yellowknife,62.456,-114.3525,48.72,49,75,15.01,CA,2022-05-15 17:31:03
8,Araceli,10.5529,119.9913,83.14,74,100,6.35,PH,2022-05-15 17:31:28
9,Atuona,-9.8,-139.0333,77.92,78,14,18.34,PF,2022-05-15 17:31:28
10,Chuy,-33.6971,-53.4616,61.56,44,100,9.75,UY,2022-05-15 17:31:29
11,Maningrida,-12.0667,134.2667,74.97,88,8,5.44,AU,2022-05-15 17:29:53
12,Port Blair,11.6667,92.75,80.64,83,75,6.91,IN,2022-05-15 17:31:29
13,Mahebourg,-20.4081,57.7,73.69,94,40,5.75,MU,2022-05-15 17:31:30
14,New Norfolk,-42.7826,147.0587,51.93,76,63,1.99,AU,2022-05-15 17:29:31
15,Tecoanapa,16.5167,-98.75,87.58,58,22,10.89,MX,2022-05-15 17:31:31
16,Iskateley,67.6803,53.1512,35.89,92,100,13.62,RU,2022-05-15 17:31:31
17,Albany,42.6001,-73.9662,79.63,71,78,4.83,US,2022-05-15 17:30:32
18,Chokurdakh,70.6333,147.9167,6.37,97,73,4.7,RU,2022-05-15 17:31:32
19,Mar Del Plata,-38.0023,-57.5575,55.42,88,75,18.41,AR,2022-05-15 17:31:33
20,Mataura,-46.1927,168.8643,37.47,98,14,3.22,NZ,2022-05-15 17:31:33
21,Cidreira,-30.1811,-50.2056,63.93,89,97,12.8,BR,2022-05-15 17:31:34
22,Ponta Do Sol,32.6667,-17.1,76.71,69,51,7.63,PT,2022-05-15 17:31:34
23,Hefei,31.8639,117.2808,60.82,77,0,6.71,CN,2022-05-15 17:27:10
24,Hilo,19.7297,-155.09,75.27,91,100,9.22,US,2022-05-15 17:30:25
25,Bredasdorp,-34.5322,20.0403,56.7,92,0,5.03,ZA,2022-05-15 17:31:35
26,Hofn,64.2539,-15.2082,47.26,88,96,2.1,IS,2022-05-15 17:30:17
27,Hasaki,35.7333,140.8333,57.6,83,100,11.05,JP,2022-05-15 17:31:36
28,Rockingham,42.9668,-71.0995,80.1,72,96,1.99,US,2022-05-15 17:26:50
29,Qax,41.4225,46.9242,68.99,45,39,6.64,AZ,2022-05-15 17:31:37
30,Marzuq,14.4,46.4667,77.29,16,1,2.51,YE,2022-05-15 17:31:37
31,Port Elizabeth,-33.918,25.5701,66.49,87,0,9.22,ZA,2022-05-15 17:31:38
32,Port-Gentil,-0.7193,8.7815,84.16,84,40,9.22,GA,2022-05-15 17:29:05
33,Sault Sainte Marie,46.5168,-84.3333,70.09,38,0,13.8,CA,2022-05-15 17:31:39
34,Bubaque,11.2833,-15.8333,79.83,80,81,19.71,GW,2022-05-15 17:31:39
35,Barrow,71.2906,-156.7887,21.22,86,0,5.75,US,2022-05-15 17:31:40
36,Bluff,-46.6,168.3333,37.8,86,15,7.83,NZ,2022-05-15 17:31:40
37,Harindanga,22.0383,88.3214,85.96,76,58,17.87,IN,2022-05-15 17:31:41
38,Port Augusta,-32.5,137.7667,54.93,85,0,0.98,AU,2022-05-15 17:31:27
39,Bethel,41.3712,-73.414,79.05,71,75,9.22,US,2022-05-15 17:31:42
40,Avera,33.194,-82.5271,84.38,42,99,4.07,US,2022-05-15 17:31:42
41,Busselton,-33.65,115.3333,52.84,81,74,6.13,AU,2022-05-15 17:31:43
42,Kodiak,57.79,-152.4072,49.51,43,0,6.91,US,2022-05-15 17:29:22
43,Tautira,-17.7333,-149.15,79.74,77,26,14.67,PF,2022-05-15 17:31:44
44,Koslan,63.4564,48.8989,49.62,85,100,7.47,RU,2022-05-15 17:31:44
45,Saskylakh,71.9167,114.0833,33.6,99,100,6.67,RU,2022-05-15 17:31:45
46,Castro,-24.7911,-50.0119,58.46,94,100,6.76,BR,2022-05-15 17:29:48
47,Puerto Ayora,-0.7393,-90.3518,84.16,90,59,3.0,EC,2022-05-15 17:31:45
48,Ushuaia,-54.8,-68.3,46.06,66,20,3.44,AR,2022-05-15 17:29:08
49,Constitucion,-35.3333,-72.4167,64.0,45,75,5.97,CL,2022-05-15 17:32:46
50,Port Keats,-14.25,129.55,74.01,80,6,3.31,AU,2022-05-15 17:32:47
51,Kortkeros,61.8106,51.5806,55.4,85,70,4.56,RU,2022-05-15 17:32:48
52,Ankara,39.9199,32.8543,59.92,74,75,8.05,TR,2022-05-15 17:29:38
53,Kapaa,22.0752,-159.319,75.52,91,75,13.8,US,2022-05-15 17:32:48
54,Beringovskiy,63.05,179.3167,38.75,75,98,6.98,RU,2022-05-15 17:32:49
55,Cape Town,-33.9258,18.4232,63.12,76,0,5.75,ZA,2022-05-15 17:32:49
56,Bonthe,7.5264,-12.505,84.25,73,88,10.89,SL,2022-05-15 17:32:50
57,Kieta,-6.2167,155.6333,78.94,83,95,1.21,PG,2022-05-15 17:32:50
58,Punta Arenas,-53.15,-70.9167,44.71,76,0,14.97,CL,2022-05-15 17:32:51
59,Akonolinga,3.7667,12.25,70.63,97,94,1.52,CM,2022-05-15 17:32:51
60,Margate,51.3813,1.3862,64.11,70,99,3.0,GB,2022-05-15 17:32:52
61,Mount Gambier,-37.8333,140.7667,53.2,81,53,14.23,AU,2022-05-15 17:32:52
62,Kamenka,51.3223,42.7678,47.98,91,76,8.21,RU,2022-05-15 17:32:53
63,Souillac,-20.5167,57.5167,73.78,94,40,5.75,MU,2022-05-15 17:32:54
64,Vaini,-21.2,-175.2,68.16,83,20,5.75,TO,2022-05-15 17:32:54
65,San Carlos De Bariloche,-41.1456,-71.3082,52.45,40,0,10.36,AR,2022-05-15 17:30:36
66,Jumla,29.2747,82.1838,55.11,76,37,3.96,NP,2022-05-15 17:32:55
67,Leningradskiy,69.3833,178.4167,17.44,92,99,4.5,RU,2022-05-15 17:30:54
68,East London,-33.0153,27.9116,65.34,88,0,5.75,ZA,2022-05-15 17:30:11
69,Butaritari,3.0707,172.7902,81.01,75,2,10.11,KI,2022-05-15 17:32:56
70,Saldanha,-33.0117,17.9442,60.85,70,0,11.52,ZA,2022-05-15 17:32:57
71,Liverpool,53.4106,-2.9779,67.78,69,40,11.5,GB,2022-05-15 17:32:57
72,Ribeira Grande,38.5167,-28.7,61.2,88,75,19.57,PT,2022-05-15 17:32:58
73,Katsuura,35.1333,140.3,62.85,85,100,5.5,JP,2022-05-15 17:32:00
74,Valvedditturai,9.8167,80.1667,83.97,80,94,24.85,LK,2022-05-15 17:32:59
75,Udachnyy,66.4167,112.4,37.45,93,100,5.14,RU,2022-05-15 17:30:31
76,Arraial Do Cabo,-22.9661,-42.0278,78.66,69,75,12.66,BR,2022-05-15 17:32:59
77,Amuntai,-2.4177,115.2494,74.61,98,38,0.18,ID,2022-05-15 17:33:00
78,Merrill,45.1805,-89.6835,71.37,32,40,9.22,US,2022-05-15 17:33:00
79,Upernavik,72.7868,-56.1549,22.14,70,9,4.97,GL,2022-05-15 17:30:58
80,Sao Joao Da Barra,-21.6403,-41.0511,80.69,71,32,14.09,BR,2022-05-15 17:29:40
81,Zalantun,48.0,122.7167,44.35,36,29,5.14,CN,2022-05-15 17:33:01
82,Christchurch,-43.5333,172.6333,51.94,94,100,3.44,NZ,2022-05-15 17:29:18
83,Rio Gallegos,-51.6226,-69.2181,51.85,58,0,16.11,AR,2022-05-15 17:33:02
84,Catamarca,-28.4696,-65.7852,55.58,99,91,1.99,AR,2022-05-15 17:33:03
85,Rocha,-34.4833,-54.3333,59.72,45,74,12.95,UY,2022-05-15 17:33:03
86,Alofi,-19.0595,-169.9187,62.49,94,100,0.0,NU,2022-05-15 17:29:21
87,Wilmington,34.2257,-77.9447,84.99,63,20,5.99,US,2022-05-15 17:31:50
88,Pakenham,-38.0667,145.4833,57.22,87,59,5.01,AU,2022-05-15 17:32:11
89,Kabansk,52.0486,106.6528,43.9,53,64,3.06,RU,2022-05-15 17:33:04
90,Kumo,10.0447,11.2122,96.35,24,18,4.32,NG,2022-05-15 17:33:05
91,Kawalu,-7.3817,108.2082,73.63,98,49,1.66,ID,2022-05-15 17:33:05
92,Dingle,10.9995,122.6711,77.13,87,96,0.29,PH,2022-05-15 17:33:06
93,Kerur,16.0167,75.5667,81.68,60,100,18.54,IN,2022-05-15 17:34:06
94,Severo-Kurilsk,50.6789,156.125,36.25,98,100,15.26,RU,2022-05-15 17:34:07
95,Gallup,35.5281,-108.7426,80.44,8,0,6.91,US,2022-05-15 17:34:08
96,Kavieng,-2.5744,150.7967,81.01,73,100,4.59,PG,2022-05-15 17:34:08
97,Bulungu,-4.55,18.6,78.1,73,63,0.78,CD,2022-05-15 17:34:09
98,Santa Flavia,38.085,13.5351,73.13,64,88,3.74,IT,2022-05-15 17:34:09
99,San Ignacio,17.1561,-89.0714,89.74,43,0,4.61,BZ,2022-05-15 17:34:10
100,Xining,36.6167,101.7667,37.63,79,79,1.88,CN,2022-05-15 17:34:10
101,Kampot,10.6167,104.1833,86.05,87,76,6.29,KH,2022-05-15 17:34:11
102,Lowestoft,52.4752,1.7516,62.46,82,100,17.13,GB,2022-05-15 17:31:24
103,Ginir,7.1333,40.7,58.55,73,44,6.98,ET,2022-05-15 17:34:11
104,Kamarion,36.8,25.8167,66.09,70,0,9.89,GR,2022-05-15 17:34:12
105,Tilichiki,60.4667,166.1,32.58,97,100,4.5,RU,2022-05-15 17:34:13
106,Aksarayskiy,46.7924,48.0119,66.34,49,52,7.27,RU,2022-05-15 17:34:13
107,Utete,-7.986,38.758,71.31,91,31,4.21,TZ,2022-05-15 17:34:14
108,Mwinilunga,-11.7358,24.4293,59.77,58,4,4.09,ZM,2022-05-15 17:34:15
109,Urucara,-2.5364,-57.76,83.28,89,94,3.58,BR,2022-05-15 17:34:15
110,Provideniya,64.3833,-173.3,35.89,70,59,9.84,RU,2022-05-15 17:34:16
111,Channel-Port Aux Basques,47.5702,-59.1367,47.25,78,70,8.99,CA,2022-05-15 17:34:16
112,Teya,60.3778,92.6267,51.87,80,36,3.42,RU,2022-05-15 17:34:17
113,Anaconda,46.1285,-112.9423,54.59,39,91,4.68,US,2022-05-15 17:34:17
114,Alta Floresta,-9.8756,-56.0861,94.82,49,40,4.61,BR,2022-05-15 17:34:18
115,Kerema,-7.9631,145.7785,76.55,88,98,3.33,PG,2022-05-15 17:34:18
116,Lasa,46.6166,10.7002,70.68,83,72,2.62,IT,2022-05-15 17:34:19
117,Sao Filipe,14.8961,-24.4956,78.04,66,55,7.25,CV,2022-05-15 17:34:19
118,Hithadhoo,-0.6,73.0833,83.62,71,81,10.85,MV,2022-05-15 17:34:20
119,Te Anau,-45.4167,167.7167,43.72,90,10,0.67,NZ,2022-05-15 17:34:20
120,Khani,41.9563,42.9566,51.37,95,80,1.25,GE,2022-05-15 17:34:21
121,Thompson,55.7435,-97.8558,35.76,93,100,12.66,CA,2022-05-15 17:32:39
122,Itarema,-2.9248,-39.9167,83.1,78,90,13.69,BR,2022-05-15 17:34:21
123,Tigil,57.8,158.6667,39.24,84,100,4.9,RU,2022-05-15 17:34:22
124,Sarkand,45.41,79.9186,54.37,63,91,5.91,KZ,2022-05-15 17:34:23
125,Mariinskiy Posad,56.115,47.718,56.34,82,69,3.67,RU,2022-05-15 17:34:23
126,Luderitz,-26.6481,15.1594,69.49,36,36,6.15,NA,2022-05-15 17:34:24
127,Nikolskoye,59.7035,30.7861,51.69,74,68,7.09,RU,2022-05-15 17:34:24
128,Umea,63.8284,20.2597,53.53,37,0,16.11,SE,2022-05-15 17:34:25
129,Botwood,49.1499,-55.3482,42.91,57,82,8.75,CA,2022-05-15 17:34:26
130,Tiksi,71.6872,128.8694,0.63,100,82,2.28,RU,2022-05-15 17:34:26
131,Tomari,47.7658,142.0683,43.59,91,89,18.43,RU,2022-05-15 17:34:27
132,Marsh Harbour,26.5412,-77.0636,79.81,69,9,4.21,BS,2022-05-15 17:34:27
133,Jamestown,42.097,-79.2353,76.95,64,75,8.05,US,2022-05-15 17:29:59
134,Ko Samui,9.5357,99.9357,84.9,76,97,14.92,TH,2022-05-15 17:34:28
135,Khandyga,62.6667,135.6,35.29,86,100,4.0,RU,2022-05-15 17:34:28
136,Verkhoyansk,67.5447,133.385,18.61,92,98,3.53,RU,2022-05-15 17:34:29
137,Mitsamiouli,-11.3847,43.2844,80.82,70,25,7.25,KM,2022-05-15 17:34:29
138,Acajutla,13.5928,-89.8275,89.49,50,28,10.18,SV,2022-05-15 17:34:30
139,Hudiksvall,61.729,17.1036,50.29,42,54,13.15,SE,2022-05-15 17:35:30
140,Vega De Alatorre,20.0333,-96.6333,85.15,59,77,9.62,MX,2022-05-15 17:35:31
141,Nome,64.5011,-165.4064,34.16,93,100,11.5,US,2022-05-15 17:35:32
142,Boden,65.8252,21.6886,53.6,48,82,8.84,SE,2022-05-15 17:35:32
143,Kamakwie,9.5,-12.2333,97.66,35,29,9.04,SL,2022-05-15 17:35:33
144,Ossora,59.2353,163.0719,33.62,98,100,7.14,RU,2022-05-15 17:35:34
145,Port Hardy,50.6996,-127.4199,48.38,93,100,0.0,CA,2022-05-15 17:35:34
146,Taoudenni,22.6783,-3.9836,102.52,4,43,19.04,ML,2022-05-15 17:35:35
147,Hobart,-42.8794,147.3294,52.27,73,52,20.71,AU,2022-05-15 17:35:35
148,Georgetown,5.4112,100.3354,82.33,89,20,2.3,MY,2022-05-15 17:35:36
149,Fortuna,40.5982,-124.1573,63.93,90,75,5.75,US,2022-05-15 17:31:35
150,Aksarka,66.5606,67.7975,46.13,88,86,8.05,RU,2022-05-15 17:35:36
151,Necochea,-38.5473,-58.7368,54.14,78,100,25.55,AR,2022-05-15 17:35:37
152,Khatanga,71.9667,102.5,31.39,94,100,5.41,RU,2022-05-15 17:35:38
153,Avarua,-21.2078,-159.775,68.05,88,75,2.3,CK,2022-05-15 17:35:38
154,Nisia Floresta,-6.0911,-35.2086,86.38,76,100,9.51,BR,2022-05-15 17:35:39
155,Nouadhibou,20.931,-17.0347,80.58,54,100,18.41,MR,2022-05-15 17:35:39
156,Camacha,33.0833,-16.3333,71.02,53,0,8.05,PT,2022-05-15 17:35:40
157,Solvychegodsk,61.3305,46.9156,46.81,93,100,3.85,RU,2022-05-15 17:35:40
158,Mount Isa,-20.7333,139.5,62.37,72,0,5.75,AU,2022-05-15 17:35:41
159,Rawlins,41.7911,-107.2387,64.35,27,0,12.66,US,2022-05-15 17:34:02
160,Canavieiras,-15.675,-38.9472,75.16,87,100,4.94,BR,2022-05-15 17:35:42
161,Lagoa,39.05,-27.9833,58.23,82,95,17.4,PT,2022-05-15 17:32:27
162,Tasiilaq,65.6145,-37.6368,32.16,97,100,24.18,GL,2022-05-15 17:35:42
163,Peterhead,57.5058,-1.7981,56.44,88,76,13.31,GB,2022-05-15 17:35:43
164,Palkino,57.5409,28.0126,53.35,58,64,10.63,RU,2022-05-15 17:35:44
165,Norman Wells,65.282,-126.8329,35.64,80,75,8.05,CA,2022-05-15 17:35:44
166,San Cristobal,7.7669,-72.225,84.38,50,99,7.78,VE,2022-05-15 17:35:45
167,Cairns,-16.9167,145.7667,72.07,97,75,1.14,AU,2022-05-15 17:35:45
168,Capilla De Guadalupe,20.8333,-102.5833,85.87,20,7,1.07,MX,2022-05-15 17:35:46
169,Florence,43.7667,11.25,76.68,62,0,10.36,IT,2022-05-15 17:35:46
170,Alindao,5.0267,21.2088,75.7,83,58,1.43,CF,2022-05-15 17:35:47
171,Altagracia De Orituco,9.8601,-66.3814,94.55,28,98,6.55,VE,2022-05-15 17:35:47
172,Cherskiy,68.75,161.3,23.02,88,100,5.5,RU,2022-05-15 17:35:48
173,Teguldet,57.3064,88.1667,59.95,79,99,9.22,RU,2022-05-15 17:35:48
174,Galle,6.0367,80.217,80.56,85,90,13.6,LK,2022-05-15 17:35:49
175,Botou,38.0667,116.5667,61.59,24,39,8.12,CN,2022-05-15 17:35:49
176,Faanui,-16.4833,-151.75,80.1,66,25,7.85,PF,2022-05-15 17:35:50
177,Bengkulu,-3.8004,102.2655,77.43,91,100,2.55,ID,2022-05-15 17:35:50
178,Grindavik,63.8424,-22.4338,55.35,93,100,21.85,IS,2022-05-15 17:35:51
179,Sola,-13.8833,167.55,80.82,72,95,17.05,VU,2022-05-15 17:35:47
180,Port Stanley,-51.7,-57.85,46.69,81,40,14.97,FK,2022-05-15 17:35:51
181,Aksu,41.1231,80.2644,67.77,42,87,4.12,CN,2022-05-15 17:35:52
182,Pevek,69.7008,170.3133,14.04,92,100,4.05,RU,2022-05-15 17:35:52
183,Pontes E Lacerda,-15.2261,-59.3353,90.41,45,12,1.7,BR,2022-05-15 17:35:53
184,Port Lincoln,-34.7333,135.8667,59.05,68,63,16.91,AU,2022-05-15 17:35:53
185,Tuatapere,-46.1333,167.6833,43.83,83,7,4.85,NZ,2022-05-15 17:36:54
186,Yulara,-25.2406,130.9889,56.95,47,0,8.61,AU,2022-05-15 17:36:55
187,Lloydminster,53.2835,-110.0016,61.02,29,20,13.8,CA,2022-05-15 17:36:39
188,Innisfail,-17.5333,146.0333,68.77,86,25,4.23,AU,2022-05-15 17:36:55
189,Vardo,70.3705,31.1107,39.18,87,75,8.05,NO,2022-05-15 17:36:56
190,Vaitape,-16.5167,-151.75,80.11,66,25,7.92,PF,2022-05-15 17:36:56
191,Isangel,-19.55,169.2667,74.57,80,40,11.36,VU,2022-05-15 17:36:57
192,Goure,13.9835,10.2704,91.74,10,66,9.62,NE,2022-05-15 17:36:57
193,Bezhta,42.1338,46.1283,43.3,81,83,4.16,RU,2022-05-15 17:36:58
194,Great Bend,38.3645,-98.7648,77.04,62,0,8.05,US,2022-05-15 17:35:07
195,Gold Coast,-28.0,153.4333,72.0,97,1,0.0,AU,2022-05-15 17:36:58
196,Charcas,23.1333,-101.1167,77.18,19,18,6.67,MX,2022-05-15 17:36:59
197,Laguna,38.421,-121.4238,84.49,49,0,6.91,US,2022-05-15 17:32:39
198,Codrington,-38.2667,141.9667,48.24,87,34,13.4,AU,2022-05-15 17:37:00
199,Vanderhoof,54.0166,-124.0198,52.45,59,95,6.35,CA,2022-05-15 17:34:00
200,Andenes,69.3143,16.1194,35.58,93,75,20.71,NO,2022-05-15 17:37:01
201,Port Alfred,-33.5906,26.891,62.19,90,23,11.43,ZA,2022-05-15 17:37:01
202,Gat,31.61,34.7642,69.82,100,0,4.94,IL,2022-05-15 17:37:02
203,Usvyaty,55.7456,30.7533,46.31,67,50,7.05,RU,2022-05-15 17:37:02
204,Worthington,40.0931,-83.018,82.74,50,0,4.61,US,2022-05-15 17:37:03
205,Qarqin,37.4185,66.0436,79.23,29,1,4.41,AF,2022-05-15 17:37:03
206,North Bend,43.4065,-124.2243,59.92,96,100,9.22,US,2022-05-15 17:37:04
207,Klaksvik,62.2266,-6.589,50.92,88,94,10.38,FO,2022-05-15 17:37:04
208,Parakai,-36.65,174.4333,67.64,93,99,13.31,NZ,2022-05-15 17:37:05
209,Mokrousovo,55.8103,66.7653,55.09,70,100,5.7,RU,2022-05-15 17:37:05
210,Makakilo City,21.3469,-158.0858,75.18,71,40,5.75,US,2022-05-15 17:37:06
211,Harrison,30.4091,-89.0436,87.85,56,75,9.22,US,2022-05-15 17:33:58
212,Emerald,-23.5333,148.1667,66.34,92,20,7.2,AU,2022-05-15 17:37:07
213,Olga,43.7444,135.2892,43.65,70,77,3.87,RU,2022-05-15 17:37:07
214,Along,28.1667,94.7667,71.35,98,98,0.6,IN,2022-05-15 17:37:08
215,Goderich,43.7501,-81.7165,64.72,77,78,5.75,CA,2022-05-15 17:37:08
216,Shitkino,56.3703,98.3543,56.66,55,67,2.28,RU,2022-05-15 17:37:09
217,Uchiza,-8.4592,-76.4633,86.22,59,49,3.38,PE,2022-05-15 17:37:09
218,Trinidad,-14.8333,-64.9,84.18,61,20,10.36,BO,2022-05-15 17:37:10
219,Lebu,-37.6167,-73.65,58.41,44,100,3.74,CL,2022-05-15 17:37:10
220,Hami,42.8,93.45,69.8,7,37,10.11,CN,2022-05-15 17:37:11
221,Oussouye,12.485,-16.5469,96.98,50,6,12.88,SN,2022-05-15 17:37:11
222,Hobyo,5.3505,48.5268,82.06,71,24,19.95,SO,2022-05-15 17:37:12
223,Homer,59.6425,-151.5483,47.77,60,0,8.05,US,2022-05-15 17:37:12
224,Airai,-8.9266,125.4092,59.83,95,82,1.68,TL,2022-05-15 17:37:13
225,Palmer,42.1584,-72.3287,80.24,64,75,6.91,US,2022-05-15 17:37:13
226,Itupiranga,-5.1347,-49.3267,86.32,81,94,4.09,BR,2022-05-15 17:37:14
227,Borba,-4.3878,-59.5939,85.55,76,88,3.67,BR,2022-05-15 17:37:14
228,Leshukonskoye,64.8989,45.7622,47.26,81,76,8.41,RU,2022-05-15 17:37:15
229,Katherine,-14.4667,132.2667,64.72,63,0,6.91,AU,2022-05-15 17:37:15
230,Carnarvon,-24.8667,113.6333,68.0,39,0,12.71,AU,2022-05-15 17:37:16
231,Camaguey,21.3808,-77.9169,80.94,74,75,4.61,CU,2022-05-15 17:38:16
232,Tuktoyaktuk,69.4541,-133.0374,28.4,93,100,12.66,CA,2022-05-15 17:38:17
233,Guerrero Negro,27.9769,-114.0611,74.01,46,44,11.12,MX,2022-05-15 17:38:17
234,Poum,-20.2333,164.0167,76.08,73,45,17.58,NC,2022-05-15 17:38:18
235,Japura,-0.3167,102.35,78.66,90,68,1.5,ID,2022-05-15 17:38:18
236,Vokhtoga,58.8147,41.0461,45.23,94,100,6.46,RU,2022-05-15 17:38:19
237,Albury,-36.0833,146.9167,57.02,100,34,4.0,AU,2022-05-15 17:38:20
238,Quatre Cocos,-20.2078,57.7625,73.51,80,30,7.99,MU,2022-05-15 17:38:20
239,Bambous Virieux,-20.3428,57.7575,73.65,94,40,5.75,MU,2022-05-15 17:38:21
240,Sayhat,26.4852,50.0405,86.22,45,0,5.68,SA,2022-05-15 17:38:21
241,Ilulissat,69.2167,-51.1,26.62,43,4,5.75,GL,2022-05-15 17:38:22
242,San Vicente,-26.6167,-54.1333,63.84,78,84,3.96,AR,2022-05-15 17:38:22
243,Clyde River,70.4692,-68.5914,28.63,80,75,10.36,CA,2022-05-15 17:38:23
244,Praia Da Vitoria,38.7333,-27.0667,59.76,94,40,27.11,PT,2022-05-15 17:38:23
245,Severo-Yeniseyskiy,60.3725,93.0408,48.09,80,29,4.29,RU,2022-05-15 17:38:24
246,Muros,42.7762,-9.0603,67.15,80,98,17.67,ES,2022-05-15 17:38:24
247,Champerico,14.3,-91.9167,91.94,65,98,8.5,GT,2022-05-15 17:34:40
248,Talnakh,69.4865,88.3972,36.19,98,100,10.31,RU,2022-05-15 17:38:25
249,Pilar,-9.5972,-35.9567,82.33,82,99,6.93,BR,2022-05-15 17:38:25
250,Krasnyy Bogatyr,56.0145,41.1296,45.99,87,76,5.75,RU,2022-05-15 17:38:26
251,Misratah,32.3754,15.0925,73.45,53,3,11.68,LY,2022-05-15 17:35:24
252,Sao Geraldo Do Araguaia,-6.4006,-48.555,80.91,89,93,3.78,BR,2022-05-15 17:38:27
253,Santa Cruz,-17.8,-63.1667,78.85,50,75,20.71,BO,2022-05-15 17:33:28
254,La Ronge,55.1001,-105.2842,41.25,70,100,13.8,CA,2022-05-15 17:38:27
255,Lavrentiya,65.5833,-171.0,32.05,84,74,10.83,RU,2022-05-15 17:38:28
256,Jacareacanga,-6.2222,-57.7528,85.35,79,84,3.8,BR,2022-05-15 17:38:28
257,Chalakudi,10.304,76.3361,76.91,94,100,2.3,IN,2022-05-15 17:38:29
258,Balkanabat,39.5108,54.3671,76.12,29,22,7.74,TM,2022-05-15 17:38:29
259,Maputo,-25.9653,32.5892,73.08,83,40,8.05,MZ,2022-05-15 17:34:04
260,Torbay,47.6666,-52.7314,40.26,81,75,17.27,CA,2022-05-15 17:38:30
261,Hauterive,46.0901,3.4459,83.16,82,58,11.65,FR,2022-05-15 17:38:31
262,Pangai,-19.8,-174.35,75.31,53,20,9.22,TO,2022-05-15 17:38:32
263,Tura,25.5198,90.2201,72.63,95,68,3.27,IN,2022-05-15 17:38:32
264,Aykhal,66.0,111.5,35.85,89,100,4.5,RU,2022-05-15 17:38:33
265,Namatanai,-3.6667,152.4333,78.55,79,99,3.04,PG,2022-05-15 17:38:34
266,Havelock,34.8791,-76.9013,84.97,70,75,6.91,US,2022-05-15 17:38:23
267,San Isidro,-12.1167,-77.05,63.99,77,100,5.75,PE,2022-05-15 17:38:34
268,Breyten,-26.3018,29.987,48.38,92,6,7.27,ZA,2022-05-15 17:38:35
269,Saint George,37.1041,-113.5841,86.79,12,0,1.01,US,2022-05-15 17:36:55
270,Niono,14.2526,-5.993,101.37,6,39,4.05,ML,2022-05-15 17:38:36
271,Meulaboh,4.1363,96.1285,74.77,89,100,9.17,ID,2022-05-15 17:38:37
272,Zaltan,32.947,11.8665,78.37,37,7,11.92,LY,2022-05-15 17:38:37
273,Pakhtakoron,40.1571,68.7466,68.34,50,5,4.7,TJ,2022-05-15 17:38:38
274,Zambezi,-13.5432,23.1047,64.18,50,54,5.97,ZM,2022-05-15 17:38:39
275,Omboue,-1.5746,9.2618,78.46,90,80,6.02,GA,2022-05-15 17:38:40
276,Akhisar,38.9185,27.8401,69.22,59,1,5.53,TR,2022-05-15 17:38:40
277,Araouane,18.9048,-3.5265,97.05,6,5,7.0,ML,2022-05-15 17:38:41
278,Sitka,57.0531,-135.33,46.29,76,100,10.36,US,2022-05-15 17:38:43
279,San Lawrenz,36.0553,14.204,71.85,51,41,3.0,MT,2022-05-15 17:39:43
280,Maxixe,-23.8597,35.3472,71.42,88,20,6.91,MZ,2022-05-15 17:35:09
281,Qaqortoq,60.7167,-46.0333,33.13,69,42,5.97,GL,2022-05-15 17:39:44
282,Victoria,22.2855,114.1577,71.38,87,100,15.01,HK,2022-05-15 17:39:44
283,Troitskoye,52.9821,84.6757,56.62,86,78,6.15,RU,2022-05-15 17:39:45
284,Vila Velha,-20.3297,-40.2925,78.75,69,75,8.05,BR,2022-05-15 17:39:46
285,Lompoc,34.6391,-120.4579,71.74,85,40,5.75,US,2022-05-15 17:35:25
286,Saint Anthony,45.0205,-93.218,73.81,33,0,14.97,US,2022-05-15 17:39:47
287,Nemuro,43.3236,145.575,42.75,88,1,9.93,JP,2022-05-15 17:39:49
288,Port Macquarie,-31.4333,152.9167,65.89,93,95,4.83,AU,2022-05-15 17:39:50
289,Freeport,40.6576,-73.5832,79.29,74,40,11.5,US,2022-05-15 17:39:51
290,Icara,-28.7133,-49.3,71.92,86,86,8.3,BR,2022-05-15 17:38:03
291,Saint-Michel-Des-Saints,46.6834,-73.9159,63.19,89,100,6.76,CA,2022-05-15 17:39:52
292,Komsomolskiy,40.4272,71.7189,63.32,77,72,0.0,UZ,2022-05-15 17:39:53
293,Matane,48.8286,-67.522,49.78,71,82,10.0,CA,2022-05-15 17:38:00
294,Nosy Varika,-20.5833,48.5333,70.02,80,0,4.5,MG,2022-05-15 17:39:53
295,Ludvika,60.1496,15.1878,57.6,36,75,10.2,SE,2022-05-15 17:39:54
296,Dandong,40.1292,124.3947,47.79,91,24,5.53,CN,2022-05-15 17:39:55
297,Fairbanks,64.8378,-147.7164,45.61,55,75,14.97,US,2022-05-15 17:36:44
298,Lusaka,-15.4067,28.2871,59.56,56,0,6.31,ZM,2022-05-15 17:39:24
299,Kargopol,61.5071,38.9456,46.44,94,100,5.35,RU,2022-05-15 17:39:56
300,Vanimo,-2.6741,141.3028,79.43,80,90,2.44,PG,2022-05-15 17:39:56
301,Tahe,52.3333,124.7333,30.15,57,26,5.12,CN,2022-05-15 17:39:57
302,Fort Nelson,58.8053,-122.7002,47.79,66,40,6.91,CA,2022-05-15 17:39:58
303,Aras,42.5617,-2.356,75.61,44,40,11.5,ES,2022-05-15 17:39:58
304,Mehran,33.1222,46.1646,91.47,15,1,6.38,IR,2022-05-15 17:39:59
305,Bathsheba,13.2167,-59.5167,84.81,74,75,21.85,BB,2022-05-15 17:40:00
306,Findlay,41.0442,-83.6499,81.95,36,0,0.0,US,2022-05-15 17:40:00
307,Hambantota,6.1241,81.1185,80.1,83,87,15.08,LK,2022-05-15 17:40:01
308,Makokou,0.5738,12.8642,77.56,79,98,2.44,GA,2022-05-15 17:40:02
309,Millau,44.0833,2.9167,77.13,64,44,8.52,FR,2022-05-15 17:40:02
310,Chumikan,54.7183,135.315,37.18,69,100,18.21,RU,2022-05-15 17:40:03
311,Adrar,20.5022,-10.0711,102.6,8,8,19.75,MR,2022-05-15 17:40:04
312,Cabinda,-5.55,12.2,78.76,86,65,8.12,AO,2022-05-15 17:40:05
313,Santander,43.4647,-3.8044,74.3,77,20,5.01,ES,2022-05-15 17:40:03
314,Kaitangata,-46.2817,169.8464,41.74,94,11,4.12,NZ,2022-05-15 17:40:05
315,Pisco,-13.7,-76.2167,64.45,82,100,5.75,PE,2022-05-15 17:40:06
316,Chino Valley,34.7575,-112.4538,89.58,7,0,3.44,US,2022-05-15 17:40:07
317,Egvekinot,66.3167,-179.1667,28.65,90,97,4.88,RU,2022-05-15 17:40:08
318,Gao,16.6362,1.637,94.66,27,80,13.67,ML,2022-05-15 17:40:09
319,Chake Chake,-5.2459,39.7666,77.72,80,4,10.85,TZ,2022-05-15 17:40:10
320,San Quintin,30.4833,-115.95,71.82,55,5,10.74,MX,2022-05-15 17:40:10
321,Puerto Carreno,6.189,-67.4859,92.53,49,80,3.85,CO,2022-05-15 17:35:12
322,Matara,5.9485,80.5353,78.46,91,87,10.78,LK,2022-05-15 17:40:12
323,Shalinskoye,55.7228,93.7594,60.58,37,65,5.44,RU,2022-05-15 17:41:12
324,Mastic Beach,40.7668,-72.8521,77.58,86,0,11.5,US,2022-05-15 17:41:13
325,Deputatskiy,69.3,139.9,12.58,96,100,4.99,RU,2022-05-15 17:41:14
326,Iqaluit,63.7506,-68.5145,26.33,73,20,16.11,CA,2022-05-15 17:41:14
327,Tombouctou,20.0,-3.0,98.74,6,1,8.68,ML,2022-05-15 17:41:15
328,Bijar,35.8668,47.6051,60.53,41,8,9.86,IR,2022-05-15 17:41:15
329,Tartagal,-22.5164,-63.8013,64.67,81,100,4.94,AR,2022-05-15 17:41:16
330,Sayansk,54.1088,102.1648,57.65,33,87,2.62,RU,2022-05-15 17:41:16
331,Saint-Augustin,51.226,-58.6502,46.17,54,80,10.11,CA,2022-05-15 17:41:17
332,Kuryk,43.2,51.65,64.02,66,1,10.16,KZ,2022-05-15 17:41:17
333,Barry,51.4067,-3.2694,60.66,90,100,11.5,GB,2022-05-15 17:41:18
334,Baghdad,33.3406,44.4009,89.51,29,0,0.0,IQ,2022-05-15 17:37:45
335,Yatou,37.15,122.3833,52.74,82,11,10.33,CN,2022-05-15 17:41:19
336,Krasnogorskoye,52.2953,86.1979,57.74,97,100,4.25,RU,2022-05-15 17:41:19
337,Terra Nova,-12.3667,-40.6667,83.28,44,97,6.55,BR,2022-05-15 17:36:39
338,Saint-Pierre,-21.3393,55.4781,71.91,64,0,8.05,RE,2022-05-15 17:41:20
339,Verkhnyaya Inta,65.9811,60.3094,46.54,86,90,4.65,RU,2022-05-15 17:41:20
340,Inhambane,-23.865,35.3833,71.58,88,20,6.91,MZ,2022-05-15 17:41:21
341,Rio Grande,-32.035,-52.0986,60.91,72,100,18.48,BR,2022-05-15 17:41:21
342,Vizinga,61.0749,50.1031,46.09,87,93,4.52,RU,2022-05-15 17:41:22
343,Semirom,31.4167,51.5667,61.11,19,0,2.06,IR,2022-05-15 17:41:22
344,Kibala,9.1104,18.3463,89.55,55,20,0.0,TD,2022-05-15 17:41:23
345,Itaituba,-4.2761,-55.9836,89.76,70,75,5.75,BR,2022-05-15 17:36:31
346,Nerl,56.6628,40.3893,46.2,81,61,5.97,RU,2022-05-15 17:41:23
347,Kichera,55.9375,110.0997,46.58,62,73,1.32,RU,2022-05-15 17:41:24
348,Qasigiannguit,68.8193,-51.1922,26.85,64,4,4.61,GL,2022-05-15 17:41:25
349,Najran,17.4924,44.1277,83.05,8,6,5.73,SA,2022-05-15 17:41:25
350,Rolla,37.9514,-91.7713,77.05,69,0,4.61,US,2022-05-15 17:41:26
351,Kotri,25.366,68.3122,84.29,65,0,22.15,PK,2022-05-15 17:41:26
352,Kavaratti,10.5669,72.642,80.49,83,100,17.81,IN,2022-05-15 17:41:27
353,Turukhansk,65.8167,87.9833,58.39,58,74,7.34,RU,2022-05-15 17:41:27
354,Agadez,19.75,10.25,85.82,12,0,6.29,NE,2022-05-15 17:41:28
355,Zheshart,62.0731,49.5733,47.05,94,100,2.95,RU,2022-05-15 17:41:28
356,Kenai,60.5544,-151.2583,52.03,52,0,4.61,US,2022-05-15 17:41:29
357,Cayenne,4.9333,-52.3333,86.09,1,75,17.27,GF,2022-05-15 17:41:29
358,Saint-Philippe,-21.3585,55.7679,71.19,81,36,10.98,RE,2022-05-15 17:41:30
359,Port Moresby,-9.4431,147.1797,74.98,88,29,2.55,PG,2022-05-15 17:41:30
360,Careiro Da Varzea,-3.2003,-59.8119,81.21,79,99,6.11,BR,2022-05-15 17:41:31
361,Ixtapa,20.7,-105.2,79.83,65,0,8.05,MX,2022-05-15 17:41:32
362,Ahipara,-35.1667,173.1667,64.45,88,97,11.32,NZ,2022-05-15 17:41:32
363,Sinnamary,5.3833,-52.95,80.94,89,100,12.8,GF,2022-05-15 17:41:33
364,Guanare,9.0418,-69.7421,86.02,79,99,4.61,VE,2022-05-15 17:41:34
365,Shache,38.4167,77.2406,66.06,46,100,22.24,CN,2022-05-15 17:41:34
366,Maniitsoq,65.4167,-52.9,33.39,60,2,13.22,GL,2022-05-15 17:41:35
367,Tocopilla,-22.092,-70.1979,68.72,63,20,6.38,CL,2022-05-15 17:41:35
368,Ferme-Neuve,46.7001,-75.4493,71.85,77,100,7.11,CA,2022-05-15 17:41:36
369,Shatrovo,56.5167,64.6333,53.2,73,97,8.86,RU,2022-05-15 17:41:36
370,Touros,-5.1989,-35.4608,84.09,68,100,11.81,BR,2022-05-15 17:41:37
371,Narsaq,60.9167,-46.05,46.62,66,52,6.46,GL,2022-05-15 17:42:37
372,Smiths Falls,44.9001,-76.0161,80.85,71,72,7.76,CA,2022-05-15 17:39:17
373,Marsa Matruh,31.3525,27.2453,68.2,77,75,11.5,EG,2022-05-15 17:42:38
374,Chiautla,19.5333,-98.8833,75.94,13,12,7.47,MX,2022-05-15 17:42:38
375,Madras,13.0878,80.2785,82.96,85,40,5.75,IN,2022-05-15 17:42:39
376,Ambilobe,-13.2,49.05,71.47,81,2,3.36,MG,2022-05-15 17:42:39
377,Camopi,3.1655,-52.3158,80.58,95,89,4.34,GF,2022-05-15 17:42:40
378,Esperance,-33.8667,121.9,49.84,71,98,6.04,AU,2022-05-15 17:42:40
379,La Romana,18.4273,-68.9728,86.36,58,75,9.22,DO,2022-05-15 17:42:41
380,Lask,51.5906,19.1328,64.49,38,15,4.76,PL,2022-05-15 17:42:41
381,Opuwo,-18.0607,13.84,72.57,28,18,10.31,NA,2022-05-15 17:42:42
382,Nakhon Thai,17.1006,100.8374,78.48,84,85,0.38,TH,2022-05-15 17:42:43
383,Nouakchott,18.0858,-15.9785,100.33,43,33,18.01,MR,2022-05-15 17:42:43
384,Kaura Namoda,12.5898,6.5779,98.85,9,27,8.55,NG,2022-05-15 17:42:44
385,Soyo,-6.1349,12.3689,78.76,84,30,7.92,AO,2022-05-15 17:42:44
386,Taywarah,33.35,64.4167,52.02,53,52,4.85,AF,2022-05-15 17:42:45
387,Coquimbo,-29.9533,-71.3436,56.93,76,100,6.91,CL,2022-05-15 17:42:45
388,Chakan,18.75,73.85,78.48,71,56,13.04,IN,2022-05-15 17:40:26
389,Manta,-0.95,-80.7333,82.18,78,100,4.61,EC,2022-05-15 17:38:42
390,Barcelos,41.5388,-8.6151,66.92,82,88,12.35,PT,2022-05-15 17:37:56
391,Magadan,59.5667,150.8,38.53,98,100,18.75,RU,2022-05-15 17:42:47
392,Soe,-9.8607,124.284,64.92,96,58,3.49,ID,2022-05-15 17:42:47
393,Apache Junction,33.4151,-111.5496,97.48,5,0,5.01,US,2022-05-15 17:41:19
394,Caravelas,-17.7125,-39.2481,79.57,55,67,7.4,BR,2022-05-15 17:42:48
395,Catuday,16.2923,119.8062,81.9,74,100,2.55,PH,2022-05-15 17:42:48
396,Berlevag,70.8578,29.0864,39.15,87,100,13.8,NO,2022-05-15 17:42:49
397,Celestun,20.8667,-90.4,82.67,59,0,10.83,MX,2022-05-15 17:42:50
398,Ancud,-41.8697,-73.8203,54.0,62,77,9.71,CL,2022-05-15 17:42:50
399,Rossville,39.3384,-76.4797,81.16,82,56,3.0,US,2022-05-15 17:42:51
400,Haysville,37.5645,-97.3523,76.03,63,0,18.41,US,2022-05-15 17:42:51
401,Bhavani,11.45,77.6833,78.98,85,100,2.95,IN,2022-05-15 17:42:52
402,Tigre,-34.426,-58.5796,60.28,37,0,16.11,AR,2022-05-15 17:42:52
403,Angouleme,45.65,0.15,82.72,36,0,10.36,FR,2022-05-15 17:42:53
404,Atambua,-9.1061,124.8925,72.55,90,89,3.24,ID,2022-05-15 17:42:53
405,Guasdualito,7.2424,-70.7324,87.8,70,100,6.91,VE,2022-05-15 17:42:54
406,Sete,43.4018,3.6966,69.87,68,61,12.03,FR,2022-05-15 17:42:54
407,Marondera,-18.1853,31.5519,50.81,72,1,7.16,ZW,2022-05-15 17:42:55
408,Atherton,53.5237,-2.4935,66.25,64,100,7.0,GB,2022-05-15 17:42:55
409,Longyearbyen,78.2186,15.6401,30.04,69,75,3.44,SJ,2022-05-15 17:42:56
410,Uthal,25.8072,66.6219,84.09,66,0,8.61,PK,2022-05-15 17:42:56
411,Rochester,43.1548,-77.6156,78.94,69,75,11.5,US,2022-05-15 17:40:28
412,Mayo,38.8876,-76.5119,81.21,88,100,10.0,US,2022-05-15 17:42:57
413,Ust-Maya,60.4167,134.5333,35.65,82,100,9.91,RU,2022-05-15 17:42:58
414,Sol-Iletsk,51.1631,54.9918,50.34,93,71,7.47,RU,2022-05-15 17:42:58
415,Mecca,21.4267,39.8261,91.65,19,0,3.24,SA,2022-05-15 17:39:41
416,Bikin,46.8161,134.26,37.47,92,10,4.99,RU,2022-05-15 17:42:59
417,Harer,9.3094,42.1258,62.89,51,24,4.5,ET,2022-05-15 17:43:00
418,Amahai,-3.3333,128.9167,77.99,86,81,2.59,ID,2022-05-15 17:44:00
419,Takoradi,4.8845,-1.7554,82.02,77,31,8.77,GH,2022-05-15 17:44:01
420,Pramanta,39.5231,21.1014,64.42,80,86,0.78,GR,2022-05-15 17:44:01
421,Kutum,14.2,24.6667,74.37,59,97,20.98,SD,2022-05-15 17:44:02
422,Pasighat,28.0667,95.3333,72.59,95,100,3.02,IN,2022-05-15 17:44:02
423,Sisophon,13.5859,102.9737,80.53,86,100,5.97,KH,2022-05-15 17:44:03
424,Beira,-19.8436,34.8389,73.49,83,75,10.36,MZ,2022-05-15 17:44:03
425,Port Hedland,-20.3167,118.5667,77.05,50,75,6.91,AU,2022-05-15 17:44:04
426,Smolyaninovo,43.2956,132.4675,45.86,79,85,3.49,RU,2022-05-15 17:44:04
427,Kindu,-2.95,25.95,79.48,65,86,2.01,CD,2022-05-15 17:44:05
428,Kedrovyy,56.1667,91.8167,55.81,67,69,6.2,RU,2022-05-15 17:44:06
429,Catalina,32.5056,-110.9211,97.75,5,89,1.01,US,2022-05-15 17:44:06
430,Kinshasa,-4.3246,15.3215,80.65,74,98,1.28,CD,2022-05-15 17:44:07
431,Moose Factory,51.2585,-80.6094,73.4,49,0,11.5,CA,2022-05-15 17:44:07
432,Currais Novos,-6.2608,-36.5178,85.68,54,99,14.09,BR,2022-05-15 17:44:08
433,Kefamenanu,-9.4467,124.4781,70.09,96,80,2.3,ID,2022-05-15 17:44:09
434,Den Helder,52.9599,4.7593,69.96,82,100,17.27,NL,2022-05-15 17:44:09
435,Senador Jose Porfirio,-2.5908,-51.9542,80.96,86,95,3.24,BR,2022-05-15 17:44:10
436,Kursk,51.7303,36.1939,52.0,66,0,13.42,RU,2022-05-15 17:43:35
437,Sao Borja,-28.6606,-56.0044,60.94,66,70,11.43,BR,2022-05-15 17:44:11
438,Kundiawa,-6.0167,144.9667,63.55,98,98,1.41,PG,2022-05-15 17:44:11
439,Lilongwe,-13.9669,33.7873,67.33,46,52,4.29,MW,2022-05-15 17:39:58
440,Walvis Bay,-22.9575,14.5053,76.15,38,0,3.44,NA,2022-05-15 17:43:05
441,Moron,-34.6534,-58.6198,60.03,38,1,12.95,AR,2022-05-15 17:44:12
442,Rawson,-43.3002,-65.1023,53.71,62,14,20.0,AR,2022-05-15 17:44:13
443,Strezhevoy,60.7333,77.5889,53.78,75,91,7.67,RU,2022-05-15 17:44:13
444,Dhidhdhoo,6.8833,73.1,81.48,81,100,24.02,MV,2022-05-15 17:44:14
445,Musashino,35.7061,139.5594,60.39,89,100,5.75,JP,2022-05-15 17:41:25
446,Shenjiamen,29.9576,122.298,61.2,62,100,5.1,CN,2022-05-15 17:44:15
447,Los Llanos De Aridane,28.6585,-17.9182,69.55,83,20,7.0,ES,2022-05-15 17:43:04
448,Dunedin,-45.8742,170.5036,48.79,83,38,1.01,NZ,2022-05-15 17:44:15
449,Brejo Da Madre De Deus,-8.1458,-36.3711,80.19,57,100,11.27,BR,2022-05-15 17:44:16
450,Nordby,55.446,8.3979,59.23,63,57,9.22,DK,2022-05-15 17:44:16
451,Labuhan,-6.8844,112.2051,79.23,87,65,6.6,ID,2022-05-15 17:44:17
452,Sala Consilina,40.3912,15.5989,61.18,83,26,2.17,IT,2022-05-15 17:44:18
453,Bilma,18.6853,12.9164,89.29,10,0,10.27,NE,2022-05-15 17:44:18
454,Culiacan,24.7994,-107.3897,90.16,48,75,0.0,MX,2022-05-15 17:41:35
455,Palauig,15.435,119.9045,81.45,81,100,2.59,PH,2022-05-15 17:44:19
456,Kruisfontein,-34.0033,24.7314,63.88,87,1,3.89,ZA,2022-05-15 17:44:20
457,Svetlaya,46.5389,138.3297,44.55,72,62,9.86,RU,2022-05-15 17:44:20
458,Copiapo,-27.3667,-70.3333,58.69,29,0,7.72,CL,2022-05-15 17:44:21
459,Zyryanka,65.75,150.85,28.17,92,100,8.93,RU,2022-05-15 17:44:21
460,Pattoki,31.0167,73.85,96.98,7,60,7.65,PK,2022-05-15 17:44:22
461,Nanzhang,31.7765,111.8386,56.71,54,75,5.3,CN,2022-05-15 17:44:23
462,Magistralnyy,56.1725,107.4458,47.71,55,45,2.64,RU,2022-05-15 17:45:23
463,Bischofswerda,51.1277,14.1797,68.95,64,0,4.74,DE,2022-05-15 17:45:24
464,Aguimes,27.9054,-15.4461,72.23,62,20,18.99,ES,2022-05-15 17:45:24
465,Sosnovo-Ozerskoye,52.5249,111.5418,42.84,48,34,4.03,RU,2022-05-15 17:45:25
466,Morden,49.1919,-98.1014,62.44,36,24,24.16,CA,2022-05-15 17:45:25
467,Tolu,9.5239,-75.5814,85.77,73,89,6.17,CO,2022-05-15 17:45:26
468,Westerland,54.9079,8.3033,60.03,76,0,8.05,DE,2022-05-15 17:45:26
469,Klyuchi,52.2667,79.1667,58.55,65,60,7.61,RU,2022-05-15 17:45:27
470,Faya,18.3851,42.4509,75.31,12,1,12.59,SA,2022-05-15 17:43:59
471,San Ramon,37.7799,-121.978,79.65,65,0,13.8,US,2022-05-15 17:45:18
472,The Valley,18.217,-63.0578,84.81,74,75,18.41,AI,2022-05-15 17:45:28
473,Camocim,-2.9022,-40.8411,84.92,74,97,11.5,BR,2022-05-15 17:45:28
474,Bako,5.7833,36.5667,66.11,71,72,6.24,ET,2022-05-15 17:45:29
475,Naze,28.3667,129.4833,59.92,86,100,14.99,JP,2022-05-15 17:45:29
476,Paita,-5.0892,-81.1144,72.52,69,90,11.65,PE,2022-05-15 17:45:30
477,Aklavik,68.2191,-135.0107,28.4,86,100,5.75,CA,2022-05-15 17:45:31
478,Kalmunai,7.4167,81.8167,81.01,75,78,5.82,LK,2022-05-15 17:45:31
479,Tibagi,-24.5094,-50.4136,61.47,96,100,3.2,BR,2022-05-15 17:45:32
480,Teyateyaneng,-29.1472,27.7489,51.46,33,0,4.05,LS,2022-05-15 17:45:32
481,Carballo,43.213,-8.691,64.54,85,99,10.92,ES,2022-05-15 17:42:53
482,Manggar,-2.8833,108.2667,82.13,80,59,5.55,ID,2022-05-15 17:45:33
483,Ha Tinh,18.3333,105.9,69.69,95,100,10.36,VN,2022-05-15 17:45:34
484,Puquio,-14.7,-74.1333,64.65,26,4,8.86,PE,2022-05-15 17:45:35
485,Waitati,-45.75,170.5667,48.79,83,47,4.74,NZ,2022-05-15 17:45:35
486,Manasa,24.4837,75.2687,92.41,16,2,12.06,IN,2022-05-15 17:45:36
487,Anadyr,64.75,177.4833,36.1,87,0,8.95,RU,2022-05-15 17:45:36
488,Pontevel,39.1494,-8.8388,75.65,60,51,3.0,PT,2022-05-15 17:45:37
489,Abha,18.2164,42.5053,75.02,6,0,10.36,SA,2022-05-15 17:45:38
490,Santa Ana,33.7456,-117.8678,92.07,46,75,5.75,US,2022-05-15 17:45:39
491,Nanakuli,21.3906,-158.1547,76.6,69,40,3.44,US,2022-05-15 17:45:39
492,Vytegra,61.0064,36.4481,38.7,98,98,3.33,RU,2022-05-15 17:45:40
493,Puerto Madryn,-42.7692,-65.0385,54.84,58,21,21.14,AR,2022-05-15 17:40:58
494,Le Vauclin,14.5452,-60.8388,86.05,66,75,20.71,MQ,2022-05-15 17:45:45
495,Saquena,-4.6667,-73.5167,81.03,87,91,1.54,PE,2022-05-15 17:45:45
496,Danville,36.586,-79.395,84.34,58,40,3.44,US,2022-05-15 17:43:53
497,Veraval,20.9,70.3667,83.71,79,1,13.85,IN,2022-05-15 17:45:46
498,Tevaitoa,-16.7833,-151.5,79.95,68,25,6.78,PF,2022-05-15 17:45:47
499,Dodola,6.9833,39.1833,55.09,64,78,6.38,ET,2022-05-15 17:45:47
500,Sortavala,61.7053,30.6918,44.35,85,100,9.15,RU,2022-05-15 17:45:48
501,Fenyi,27.8112,114.6681,55.87,97,100,2.51,CN,2022-05-15 17:45:48
502,Kidal,18.4411,1.4078,101.66,11,10,7.02,ML,2022-05-15 17:45:49
503,Wanparti,16.3667,78.0667,92.68,43,29,7.58,IN,2022-05-15 17:45:50
504,Suntar,62.1444,117.6319,39.24,95,100,6.33,RU,2022-05-15 17:46:50
505,Anju,39.6178,125.6647,46.02,60,4,3.6,KP,2022-05-15 17:46:51
506,Kurilsk,45.2333,147.8833,44.13,67,3,7.36,RU,2022-05-15 17:46:51
507,Roros,62.5747,11.3842,33.71,83,94,16.91,NO,2022-05-15 17:46:52
508,Paranaiba,-19.6772,-51.1908,83.8,52,90,6.55,BR,2022-05-15 17:46:52
509,Olinda,-8.0089,-34.8553,83.93,74,40,10.36,BR,2022-05-15 17:46:53
510,Coihaique,-45.5752,-72.0662,45.21,81,0,5.75,CL,2022-05-15 17:43:02
511,Chimbote,-9.0853,-78.5783,69.03,71,53,10.16,PE,2022-05-15 17:46:53
512,Qinzhou,21.95,108.6167,62.44,82,100,15.1,CN,2022-05-15 17:46:54
513,Sawakin,19.1059,37.3321,90.01,38,0,3.91,SD,2022-05-15 17:46:55
514,Yar-Sale,66.8333,70.8333,38.35,93,90,9.82,RU,2022-05-15 17:46:55
515,Ballina,-28.8667,153.5667,70.79,95,18,5.17,AU,2022-05-15 17:46:56
516,Polyarnyy,69.1989,33.4478,46.69,69,19,7.56,RU,2022-05-15 17:46:56
517,Megalopoli,37.4011,22.1422,63.05,81,16,3.18,GR,2022-05-15 17:46:57
518,Pascagoula,30.3658,-88.5561,88.52,59,0,0.0,US,2022-05-15 17:46:57
519,Kondinskoye,59.6481,67.41,49.84,84,89,8.12,RU,2022-05-15 17:46:58
520,Nanortalik,60.1432,-45.2371,31.62,71,54,9.46,GL,2022-05-15 17:46:59
521,Vostok,46.4856,135.8833,32.52,97,8,4.76,RU,2022-05-15 17:46:59
522,Tessalit,20.1986,1.0114,101.01,6,1,11.5,ML,2022-05-15 17:43:43
523,Yankton,42.8711,-97.3973,68.25,49,0,13.8,US,2022-05-15 17:47:00
524,Chancay,-11.5714,-77.2672,67.19,73,48,7.36,PE,2022-05-15 17:47:00
525,Dehloran,32.6941,47.2679,94.57,12,1,7.4,IR,2022-05-15 17:47:01
526,Milan,45.4643,9.1895,82.96,45,51,3.44,IT,2022-05-15 17:44:54
527,Ambon,-3.6954,128.1814,75.34,94,40,1.14,ID,2022-05-15 17:47:02
528,Sabha,27.0377,14.4283,79.52,13,0,8.57,LY,2022-05-15 17:47:02
529,Belaya Gora,68.5333,146.4167,21.43,92,99,10.87,RU,2022-05-15 17:47:03
530,Vitim,59.4511,112.5578,47.12,76,91,1.92,RU,2022-05-15 17:47:03
531,Lages,-27.8161,-50.3261,60.01,92,69,8.28,BR,2022-05-15 17:44:42
532,Pathein,16.7833,94.7333,81.84,82,36,5.06,MM,2022-05-15 17:47:04
533,Surab,28.4914,66.2585,65.86,26,0,19.15,PK,2022-05-15 17:47:05
534,Broken Hill,-31.95,141.4333,55.49,55,0,5.03,AU,2022-05-15 17:47:05
535,Guilin,25.2819,110.2864,60.91,89,99,5.97,CN,2022-05-15 17:47:06
536,Kudat,6.8837,116.8477,82.33,83,20,0.0,MY,2022-05-15 17:47:06
537,Griffith,41.5284,-87.4237,79.47,47,0,9.22,US,2022-05-15 17:47:07
538,Yenagoa,4.9247,6.2642,79.5,88,80,5.06,NG,2022-05-15 17:47:07
539,Nargana,9.4428,-78.5906,83.89,79,90,8.72,PA,2022-05-15 17:47:08
540,Moba,33.2288,105.0179,44.64,91,100,7.38,CN,2022-05-15 17:47:08
541,Shelburne,44.0787,-80.2041,78.12,50,33,9.66,CA,2022-05-15 17:47:09
542,Fomboni,-12.28,43.7425,81.7,69,3,14.67,KM,2022-05-15 17:47:09
543,Labytnangi,66.6572,66.4183,43.43,93,100,3.18,RU,2022-05-15 17:47:10
544,Luanda,-8.8368,13.2343,76.82,84,7,9.1,AO,2022-05-15 17:45:00
545,Porto Santo,33.072,-16.3415,70.18,73,0,11.5,PT,2022-05-15 17:47:11
546,Doka,13.5167,35.7667,91.94,29,36,11.95,SD,2022-05-15 17:47:11
547,Kostomuksha,64.571,30.5767,45.59,90,100,2.89,RU,2022-05-15 17:47:12
548,Srivardhan,18.0333,73.0167,82.42,82,73,7.29,IN,2022-05-15 17:47:12
549,Oranjemund,-28.55,16.4333,66.33,42,0,8.43,NA,2022-05-15 17:47:13
550,Green River,41.5286,-109.4662,68.99,36,37,1.99,US,2022-05-15 17:45:42
551,Tsumeb,-19.2333,17.7167,68.05,26,6,9.46,NA,2022-05-15 17:47:14
552,College,64.8569,-147.8028,46.2,56,75,14.97,US,2022-05-15 17:43:24
553,Evensk,61.95,159.2333,38.25,89,86,14.56,RU,2022-05-15 17:48:14
554,Sumbe,-11.2061,13.8437,76.3,88,4,6.62,AO,2022-05-15 17:48:15
555,Taltal,-25.4,-70.4833,63.28,72,12,4.34,CL,2022-05-15 17:47:07
556,Hay River,60.8156,-115.7999,51.78,54,75,16.11,CA,2022-05-15 17:48:16
557,Labrea,-7.2586,-64.7981,85.44,73,100,2.1,BR,2022-05-15 17:48:16
558,Platteville,42.7342,-90.4785,72.16,35,40,12.66,US,2022-05-15 17:45:09
559,Namibe,-15.1961,12.1522,68.63,83,40,13.8,AO,2022-05-15 17:43:43
560,Solnechnyy,50.7214,136.6319,34.66,97,100,4.18,RU,2022-05-15 17:48:17
561,Yumen,40.2833,97.2,52.97,11,37,10.98,CN,2022-05-15 17:48:18
562,Nizhnyaya Salda,58.0776,60.7202,47.01,91,53,5.35,RU,2022-05-15 17:48:18
563,Cooma,-36.2333,149.1333,47.7,79,2,7.02,AU,2022-05-15 17:48:19
564,Chicalim,15.4,73.8333,83.82,84,75,9.22,IN,2022-05-15 17:48:19
565,Izmalkovo,52.6887,37.964,46.63,91,87,7.83,RU,2022-05-15 17:48:20
566,Sobolevo,54.4299,31.8996,46.0,75,63,10.22,RU,2022-05-15 17:48:20
567,Hovd,48.0056,91.6419,60.39,18,70,5.64,MN,2022-05-15 17:48:21
568,Morant Bay,17.8815,-76.4093,88.72,74,100,12.15,JM,2022-05-15 17:45:37
569,Schwabach,49.3292,11.0256,74.98,33,0,4.61,DE,2022-05-15 17:48:22
570,Eyl,7.9803,49.8164,83.26,75,59,21.5,SO,2022-05-15 17:43:34
571,Cam Ranh,11.9214,109.1591,80.56,89,20,0.0,VN,2022-05-15 17:48:22
572,Vao,-22.6667,167.4833,73.47,70,3,15.32,NC,2022-05-15 17:48:23
573,Arman,59.7,150.1667,39.02,95,100,13.09,RU,2022-05-15 17:48:26
574,Kosh-Agach,50.0,88.6667,52.03,39,100,2.1,RU,2022-05-15 17:48:27
575,Sorland,67.667,12.6934,40.86,77,98,24.14,NO,2022-05-15 17:48:27
576,Edgewater,28.9889,-80.9023,88.11,56,19,9.01,US,2022-05-15 17:48:28
577,Farah,32.5,62.5,72.14,25,0,7.61,AF,2022-05-15 17:48:29
578,Hamilton,39.1834,-84.5333,85.21,51,0,4.0,US,2022-05-15 17:47:34
579,Kovdor,67.5662,30.4758,46.38,87,100,4.18,RU,2022-05-15 17:48:29
580,Fare,-16.7,-151.0167,79.63,71,24,4.79,PF,2022-05-15 17:48:30
581,Salinas,36.6777,-121.6555,78.57,71,40,14.97,US,2022-05-15 17:48:31
582,Chickasha,35.0526,-97.9364,92.5,40,0,14.97,US,2022-05-15 17:48:31
583,Newport,51.5877,-2.9984,60.82,89,100,9.24,GB,2022-05-15 17:48:15
584,Darhan,49.4867,105.9228,59.29,24,83,3.67,MN,2022-05-15 17:48:32
585,Ertil,51.8406,40.8056,47.77,92,95,8.19,RU,2022-05-15 17:48:32
586,Dera Ghazi Khan,30.0561,70.6348,99.0,9,0,15.99,PK,2022-05-15 17:43:46
587,Cascais,38.6979,-9.4215,69.66,76,75,15.99,PT,2022-05-15 17:48:33
588,Cabo San Lucas,22.8909,-109.9124,91.62,48,32,4.72,MX,2022-05-15 17:47:41
589,Nago,26.5881,127.9761,66.63,84,100,14.09,JP,2022-05-15 17:48:34
590,Athabasca,54.7169,-113.2854,61.21,37,20,0.4,CA,2022-05-15 17:45:20
591,Venado Tuerto,-33.7456,-61.9688,63.77,24,6,15.46,AR,2022-05-15 17:48:35
592,Kyabe,9.4515,18.9449,82.15,59,100,3.15,TD,2022-05-15 17:48:35
593,Nhulunbuy,-12.2333,136.7667,70.41,88,0,0.0,AU,2022-05-15 17:48:36
594,Camargo,27.6667,-105.1667,93.61,14,3,11.14,MX,2022-05-15 17:48:36
595,Comodoro Rivadavia,-45.8667,-67.5,53.46,54,0,3.44,AR,2022-05-15 17:48:37
596,Garowe,8.4054,48.4845,84.9,45,41,22.79,SO,2022-05-15 17:48:37
597,Minot,48.2325,-101.2963,64.62,42,40,23.02,US,2022-05-15 17:47:02
598,Areosa,41.7178,-8.8571,62.15,86,93,17.65,PT,2022-05-15 17:48:38
599,Geraldton,-28.7667,114.6,54.01,87,4,8.05,AU,2022-05-15 17:49:39
600,Hun,29.1268,15.9477,81.57,15,0,6.4,LY,2022-05-15 17:49:39
601,Santiago De Cao,-7.9589,-79.2392,66.33,72,0,12.66,PE,2022-05-15 17:49:40
602,Sheridan,44.8333,-106.9173,63.01,44,0,1.99,US,2022-05-15 17:49:41
603,Salalah,17.0151,54.0924,86.09,58,2,5.75,OM,2022-05-15 17:49:41
604,Russell,32.3502,-85.1999,87.96,57,75,0.0,US,2022-05-15 17:49:42
605,Morgan City,29.6994,-91.2068,87.03,57,35,4.52,US,2022-05-15 17:49:42
606,Mehamn,71.0357,27.8492,39.11,86,79,8.66,NO,2022-05-15 17:49:43
607,Illela,13.7292,5.2975,99.54,9,30,12.91,NG,2022-05-15 17:49:43
608,Belmonte,-15.8631,-38.8828,75.9,79,100,7.7,BR,2022-05-15 17:49:44
609,Grafton,42.207,-71.6856,76.32,73,75,5.75,US,2022-05-15 17:48:18
610,Maceio,-9.6658,-35.7353,83.64,69,75,10.36,BR,2022-05-15 17:49:09
611,Hanchuan,30.65,113.7667,60.91,55,87,4.63,CN,2022-05-15 17:49:45
612,Alice Springs,-23.7,133.8833,58.55,63,75,5.75,AU,2022-05-15 17:46:29
613,Abu Dhabi,24.4667,54.3667,82.51,76,0,8.05,AE,2022-05-15 17:47:18
614,Knyaze-Volkonskoye,48.4642,135.4567,43.14,82,41,11.9,RU,2022-05-15 17:49:46
615,Kaspiysk,42.8816,47.6392,60.98,58,20,0.0,RU,2022-05-15 17:49:46
616,Tucuma,-0.1833,-50.05,81.73,80,100,7.63,BR,2022-05-15 17:49:47
617,Yen Bai,21.7,104.8667,69.98,93,100,0.34,VN,2022-05-15 17:49:47
618,Broome,42.2506,-75.833,80.67,59,40,7.0,US,2022-05-15 17:49:48
619,Batagay-Alyta,67.8006,130.4114,2.68,94,64,6.91,RU,2022-05-15 17:49:48
620,Bintulu,3.1667,113.0333,77.41,100,40,3.44,MY,2022-05-15 17:49:49
621,Flin Flon,54.7682,-101.865,39.04,70,100,13.8,CA,2022-05-15 17:49:49
622,Tarrega,41.647,1.1396,77.32,41,51,9.37,ES,2022-05-15 17:49:50
623,Kushiro,42.975,144.3747,42.89,86,0,5.53,JP,2022-05-15 17:49:50
624,Oktyabrskoye,43.0645,44.7417,62.74,52,34,4.47,RU,2022-05-15 17:49:51
625,Halifax,44.6453,-63.5724,50.68,87,100,13.8,CA,2022-05-15 17:49:52
626,Kenora,49.8167,-94.4337,49.17,66,100,9.22,CA,2022-05-15 17:49:52
627,Kommunisticheskiy,61.6789,64.4819,46.96,86,77,6.04,RU,2022-05-15 17:49:53
628,Leh,34.1667,77.5833,49.66,38,44,6.93,IN,2022-05-15 17:49:45
629,Bridlington,54.0831,-0.1919,57.88,88,100,16.02,GB,2022-05-15 17:47:17
630,Kitgum,3.2783,32.8867,69.37,82,76,3.56,UG,2022-05-15 17:49:35
631,Biu,10.6129,12.1946,90.34,20,44,1.63,NG,2022-05-15 17:49:54
632,Ilovlya,49.3033,43.9796,55.58,70,94,10.65,RU,2022-05-15 17:49:55
633,Kirakira,-10.4544,161.9205,78.13,85,89,5.68,SB,2022-05-15 17:49:55
634,Richards Bay,-28.783,32.0377,66.99,85,32,0.87,ZA,2022-05-15 17:49:56
635,Batemans Bay,-35.7167,150.1833,59.09,82,0,4.59,AU,2022-05-15 17:49:56
636,Gamba,-2.65,10.0,78.06,90,96,5.93,GA,2022-05-15 17:49:57
637,Punta Alta,-38.8759,-62.0736,55.44,69,86,21.72,AR,2022-05-15 17:49:57
638,Buala,-8.145,159.5921,78.98,83,26,2.3,SB,2022-05-15 17:49:58
639,Frederico Westphalen,-27.3592,-53.3944,62.44,85,91,7.49,BR,2022-05-15 17:49:58
640,Zhoucheng,35.9122,116.3117,57.49,31,27,3.91,CN,2022-05-15 17:49:59
641,Zhangjiakou,40.81,114.8794,54.23,24,7,4.54,CN,2022-05-15 17:50:00
642,Chunskiy,56.0815,99.6342,56.44,49,92,1.97,RU,2022-05-15 17:50:00
643,Pingyi,35.5006,117.6308,59.18,36,40,8.63,CN,2022-05-15 17:50:01
644,Lichinga,-13.3128,35.2406,62.69,72,40,4.61,MZ,2022-05-15 17:50:01
645,Launceston,-41.45,147.1667,52.81,76,71,20.71,AU,2022-05-15 17:50:02
646,Lima,-12.0432,-77.0282,62.85,77,100,5.75,PE,2022-05-15 17:45:50
647,Penzance,50.1186,-5.5371,57.88,93,100,10.07,GB,2022-05-15 17:51:03
648,Santa Marta,11.2408,-74.199,93.25,69,40,10.36,CO,2022-05-15 17:48:17
649,Bilibino,68.0546,166.4372,20.01,93,98,4.92,RU,2022-05-15 17:51:04
650,Altay,47.8667,88.1167,61.38,34,100,6.53,CN,2022-05-15 17:51:04
651,Tarauaca,-8.1614,-70.7656,82.81,82,97,3.6,BR,2022-05-15 17:51:05
652,Muisne,0.6,-80.0333,79.59,84,100,8.97,EC,2022-05-15 17:51:05
653,Pimentel,-6.8367,-79.9342,73.69,56,0,18.41,PE,2022-05-15 17:51:06
654,Fiumicino,41.7675,12.2291,72.95,57,0,5.75,IT,2022-05-15 17:51:06
655,Tual,-5.6667,132.75,81.95,75,91,5.93,ID,2022-05-15 17:51:07
656,Nuuk,64.1835,-51.7216,27.88,63,6,11.01,GL,2022-05-15 17:50:27
657,Harper,4.375,-7.7169,81.25,84,97,7.85,LR,2022-05-15 17:51:08
658,Pacific Grove,36.6177,-121.9166,68.54,92,100,12.66,US,2022-05-15 17:51:08
659,Ust-Omchug,61.15,149.6333,34.83,97,100,6.06,RU,2022-05-15 17:51:09
660,Biankouma,7.7391,-7.6138,81.68,66,94,4.47,CI,2022-05-15 17:51:09
661,Vanavara,60.34,102.2797,50.81,66,65,2.84,RU,2022-05-15 17:51:10
662,Gazanjyk,39.2446,55.5154,79.21,21,2,7.54,TM,2022-05-15 17:51:10
663,Henties Bay,-22.116,14.2845,63.3,64,1,5.1,NA,2022-05-15 17:51:11
664,Abonnema,4.7084,6.7931,80.13,82,93,7.31,NG,2022-05-15 17:51:11
665,Aktash,50.3,87.7333,45.43,45,100,2.06,RU,2022-05-15 17:51:12
666,Lancaster,40.2504,-76.2499,76.86,76,100,4.61,US,2022-05-15 17:48:28
667,Vila Franca Do Campo,37.7167,-25.4333,67.19,78,89,18.92,PT,2022-05-15 17:47:21
668,Ayan,56.45,138.1667,32.94,90,100,3.98,RU,2022-05-15 17:51:13
669,Acapulco,16.8634,-99.8901,88.61,57,66,10.29,MX,2022-05-15 17:47:40
670,Borovoy,55.4333,86.0833,60.08,72,40,4.47,RU,2022-05-15 17:51:14
671,Abashiri,44.0213,144.2697,43.83,79,0,8.48,JP,2022-05-15 17:51:14
672,Chistogorskiy,53.9835,87.3843,61.29,87,99,9.44,RU,2022-05-15 17:51:15
673,Novokuznetsk,53.7557,87.1099,61.2,67,100,12.68,RU,2022-05-15 17:51:15
674,Batagay,67.6333,134.6333,19.08,94,98,3.24,RU,2022-05-15 17:51:16
675,Tukrah,32.5341,20.5791,67.05,66,0,4.72,LY,2022-05-15 17:51:16
676,Toila,59.4236,27.5025,45.59,70,65,17.98,EE,2022-05-15 17:51:17
677,Lensk,60.7253,114.9278,43.3,94,100,4.52,RU,2022-05-15 17:51:17
678,Puerto Escondido,15.85,-97.0667,89.28,57,69,9.57,MX,2022-05-15 17:51:18
679,Kathu,7.9178,98.3332,87.69,99,93,13.4,TH,2022-05-15 17:48:39
680,Reconquista,-29.15,-59.65,65.17,38,7,13.53,AR,2022-05-15 17:51:18
681,Kasempa,-13.4584,25.8338,59.68,50,15,5.48,ZM,2022-05-15 17:51:19
682,Jhinjhak,26.5667,79.7333,97.56,5,6,6.29,IN,2022-05-15 17:51:19
683,Biak,-0.9131,122.8766,76.96,88,66,1.66,ID,2022-05-15 17:51:20
684,Marienburg,54.0359,19.0266,57.58,84,13,6.2,PL,2022-05-15 17:51:20
685,Bairiki,1.3292,172.9752,80.6,78,75,2.3,KI,2022-05-15 17:51:21
686,Porto Novo,6.4965,2.6036,85.82,75,39,9.4,BJ,2022-05-15 17:47:48
687,Ojinaga,29.5667,-104.4167,99.57,24,0,4.61,MX,2022-05-15 17:51:22
688,Malyye Derbety,47.9547,44.6808,56.52,61,85,9.01,RU,2022-05-15 17:51:23
689,Tieling,42.2931,123.8414,52.48,62,97,7.54,CN,2022-05-15 17:51:23
690,Maihar,24.2667,80.75,99.32,15,38,8.84,IN,2022-05-15 17:51:24
691,Bonavista,48.6499,-53.1147,34.92,79,84,15.5,CA,2022-05-15 17:51:24
692,Praia,14.9215,-23.5087,88.34,35,0,27.63,CV,2022-05-15 17:51:25
693,Mizdah,31.4451,12.9801,83.14,14,14,4.61,LY,2022-05-15 17:51:25
694,Caarapo,-22.6342,-54.8222,68.72,79,96,9.13,BR,2022-05-15 17:51:26
695,Lady Lake,28.9175,-81.9229,91.18,51,0,4.61,US,2022-05-15 17:48:37
696,Sao Jose Da Coroa Grande,-8.8978,-35.1478,82.17,72,93,7.36,BR,2022-05-15 17:52:27
697,Luba,3.4568,8.5547,81.95,81,71,5.77,GQ,2022-05-15 17:52:27
698,Maraa,-1.8333,-65.3667,85.3,75,90,4.79,BR,2022-05-15 17:52:28
699,High Level,58.5169,-117.136,55.51,62,20,0.0,CA,2022-05-15 17:52:28
700,Uni,57.7535,51.4923,46.15,86,89,5.46,RU,2022-05-15 17:52:29
701,Peace River,56.2501,-117.286,57.51,35,20,8.05,CA,2022-05-15 17:52:29
702,Jiamusi,46.8333,130.35,42.51,54,59,7.49,CN,2022-05-15 17:52:30
703,Choix,26.7092,-108.3219,96.24,14,22,6.26,MX,2022-05-15 17:52:30
704,Kamaishi,39.2667,141.8833,48.18,71,100,7.74,JP,2022-05-15 17:52:31
705,Bitkine,11.9801,18.2138,85.28,49,91,15.48,TD,2022-05-15 17:52:31
706,Kanniyakumari,8.0833,77.5667,80.47,84,100,22.3,IN,2022-05-15 17:52:32
707,Turkmenabat,39.0733,63.5786,75.18,31,0,4.61,TM,2022-05-15 17:52:33
708,Juneau,58.3019,-134.4197,50.85,56,75,4.61,US,2022-05-15 17:50:06
709,Pavino,59.1139,46.1414,42.66,94,82,1.57,RU,2022-05-15 17:52:33
710,Carutapera,-1.195,-46.02,84.52,72,96,10.0,BR,2022-05-15 17:52:34
711,Mokhsogollokh,61.4681,128.9203,29.21,87,92,7.29,RU,2022-05-15 17:52:34
